"rule_id","rule_number","category","applies_to_types","applies_when_emit","applies_when_suppress","inference_confidence","scoring_route","scoring_checks","scoring_basis","scoring_unscored_reason","rule_summary"
"cross_cutting_001","1","cross_cutting","all","true","true","HIGH","mechanical","nonredundancy_now","doc","","REDUNDANCY GATE (governs every 'describe' rule in §2): describe on-screen content only to the extent the lecturer's speech does not already …"
"cross_cutting_002","2","cross_cutting","all","true","false","MEDIUM","mechanical","style_meta;style_pronoun;style_v2","doc","","Use present tense, active voice, third-person narration."
"cross_cutting_003","3","cross_cutting","all","true","false","MEDIUM","judge","","doc","","Describe observable visual content; do not infer emotions, intent, or significance."
"cross_cutting_004","4","cross_cutting","all","true","false","MEDIUM","mechanical","term_grounding","doc","","Use consistent terminology within a lecture and across a course;"
"cross_cutting_005","5","cross_cutting","all","true","true","HIGH","mechanical","faithfulness_nli","doc","","When the AD system's confidence in what is on screen is low, prefer silence over a confident wrong description."
"cross_cutting_006","6","cross_cutting","all","true","true","MEDIUM","unscored","","doc","no_context_signal","Do not re-describe visual content already described earlier in the same lecture."
"cross_cutting_007","7","cross_cutting","all","true","true","MEDIUM","mechanical","nonredundancy_ahead","blv_confirmed","","Lookahead redundancy (extends the redundancy gate cross_cutting_001 across time): suppress a description if the lecturer covers the same con…"
"cross_cutting_008","8","cross_cutting","all","true","true","MEDIUM","unscored","","doc","scope_statement","Describing the lecturer's gestures and board drawings — and resolving the deixis attached to them — is a core (not peripheral) lecture-AD ta…"
"length_001","9","length","all","true","false","HIGH","unscored","","doc","delivery_mechanism","Gap-insertion is the base delivery mechanism: insert AD into existing pauses in the lecturer's speech."
"length_002","10","length","all","true","false","HIGH","judge","","blv_unresolved","","Live mode prioritization: deixis-resolution > slide-text gist > figure summary > full figure."
"length_003","11","length","all","true","false","HIGH","mechanical","rung_reachable","blv_confirmed","","Live fallback ladder (the live replacement for extended AD, which is unavailable because the live stream cannot be paused for the room)."
"length_004","12","length","all","true","false","HIGH","mechanical","length_budget","doc","","Concise insertion default = 25 words; detailed override = 100 words."
"length_005","13","length","all","false","true","MEDIUM","unscored","","blv_confirmed","suppress_only","Avoid continuous description; leave silence on most lecturer-narrated stretches."
"visual_content_001","43","cross_cutting","all","true","true","HIGH","unscored","","audit_validated","decision_side","VISUAL-CONTENT CONDITION: describe only when a visual referent's FORM (which element / shape-trend / arrangement / magnitude / count / value / colour) is needed and unspoken; text has no form to describe."
"slide_text_003","44","dont_describe","slide,reveal,transition","true","true","HIGH","penalty","slide_copy_verbatim","audit_validated","","Text-only slide: at most one orientation line naming the topic, once; never a paraphrase of the bullets; nothing if the lecturer reads it."
"pair_perceptibility_001","45","cross_cutting","all","false","false","MEDIUM","unscored","","audit_validated","pair_level","A constructed pair defect must be perceptible to a listener; length overruns must be audible (>=8 words and >=1.4x, over the rung budget)."
"slide_text_001","14","slide_text","slide,reveal,transition","true","false","MEDIUM","judge","","doc","","Read on-screen text central to comprehension that is not already conveyed by the lecturer's speech."
"slide_text_002","15","slide_text","slide,reveal,transition","true","true","MEDIUM","penalty","slide_copy_verbatim","doc","","Do not read aloud slide text the lecturer is reading aloud (redundancy)."
"slide_transition_001","16","slide_transition","transition","true","true","MEDIUM","mechanical","transition_effect","blv_confirmed","","Do not describe transition animations (dissolves, wipes, slide-in)."
"slide_animation_001","17","slide_animation","animation,reveal","true","true","MEDIUM","judge","","by_analogy","","Do not describe animation effects (fly-in, fade-up)."
"slide_animation_002","18","slide_animation","animation,reveal","true","false","MEDIUM","judge","","by_analogy","","Apply the redundancy gate to each revealed increment independently: when a build adds a bullet, equation step, or chart series, describe onl…"
"figure_001","19","figure","figure","true","false","HIGH","mechanical","faithfulness_nli","doc","","Drill down: brief summary first; then main components; then details only if a gap remains. Describe only the part the lecturer's speech does…"
"figure_002","20","figure","figure","true","false","HIGH","judge","","doc","","Foreground data-carrying elements; suppress decorative styling."
"figure_003","21","figure","figure","true","false","MEDIUM","judge","","doc","","Do not describe decorative elements (ornamental backgrounds, branded logos, semantically inert color)."
"figure_004","22","figure","figure","true","false","HIGH","judge","","doc","","Open with single-sentence type-and-purpose ('A block diagram of …'), then a brief list of components in reading order."
"table_001","23","table","table","true","false","HIGH","mechanical","faithfulness_nli","doc","","Provide brief summary before reading the table (what it shows, what the dimensions are)."
"table_002","24","table","table","true","false","HIGH","judge","","doc","","Split multi-layered tables into smaller sub-tables organized by category."
"table_003","25","table","table","true","false","MEDIUM","judge","","doc","","Do not describe cell-level styling unless it encodes semantic meaning."
"chart_001","26","chart","chart","true","false","HIGH","mechanical","faithfulness_nli","doc","","Open with chart type and what it measures, then a one-sentence trend, then data structure."
"chart_002","27","chart","chart","true","false","HIGH","judge","","doc","","Where data is sparse (4 or fewer values), present as a short text list rather than a full table."
"chart_003","28","chart","chart","true","false","MEDIUM","judge","","doc","","Do not describe bar/line color unless colours encode categories the listener must distinguish."
"math_typeset_001","29","math_typeset","math","true","false","HIGH","mechanical","faithfulness_nli","doc","","Surface the equation aurally; mark it semantically so a renderer can verbalize per user preference. Describe only the part the lecturer's sp…"
"math_typeset_002","30","math_typeset","math","true","false","HIGH","judge","","blv_confirmed","","Pair every non-trivial equation with a one-line natural-language gloss in the same insertion."
"math_typeset_003","31","math_typeset","math","true","false","HIGH","judge","","blv_unresolved","","Use ClearSpeak as the default verbalization grammar, applied consistently within a course;"
"code_001","32","code","code","true","false","HIGH","unscored","","blv_confirmed","unexercised","Announce language and purpose ('Python snippet, five lines, defines a binary-search function')."
"code_002","33","code","code","true","false","HIGH","unscored","","blv_confirmed","unexercised","Surface error or output highlights when the lecturer references them deictically."
"code_003","34","code","code","true","false","MEDIUM","unscored","","doc","unexercised","Do not re-read code the lecturer has read aloud line-by-line (redundancy)."
"deixis_001","35","deixis","pointing","true","false","HIGH","judge","","blv_unresolved","","Surface the referent ('the kinetic-energy term, ½mv²'), not the act of pointing."
"deixis_002","36","deixis","pointing","true","true","MEDIUM","unscored","","doc","decision_side","When referent cannot be resolved with confidence, prefer silence to a wrong guess."
"deixis_003","37","deixis","pointing","true","true","MEDIUM","unscored","","blv_confirmed","detector_side","Do not describe idle cursor motion uncoupled from speech."
"deixis_004","38","deixis","pointing","true","false","MEDIUM","judge","","by_analogy","","Do not describe the pointing act as the description ('the cursor is pointing at it')."
"deixis_005","39","deixis","pointing","true","false","HIGH","mechanical","deixis_referent","blv_confirmed","","Resolve bare deictics ('this', 'here', 'this term') from the cursor's dwell anchor at utterance time: sustained dwell or deliberate circling…"
"deixis_006","40","deixis","pointing,ink","true","false","MEDIUM","mechanical","deixis_overlay","by_analogy","","Treat highlight boxes, callout shapes, and colour emphasis drawn over a slide as deictic acts: surface the highlighted referent ('the bounda…"
"edge_cases_001","41","edge_cases","all","true","true","MEDIUM","judge","","by_analogy","","Do not describe the lecturer's face thumbnail — its presence, position, facial expressions, clothing, background, or appearance/disappearanc…"
"edge_cases_002","42","edge_cases","all","true","false","LOW","unscored","","blv_confirmed","no_context_signal","When the lecturer zooms into, scrolls within, or otherwise reframes the shared slide, describe the content the new framing presents ('the lo…"
